City_ID,City,Country,Date,Lat,Lng,Max Temp,Humidity,Cloudiness,Wind Speed
0,Punta Arenas,CL,2020-11-01 22:30:17,-53.15,-70.92,53.6,76,75,11.41
1,Tieling,CN,2020-11-01 22:30:18,42.29,123.84,33.76,73,0,8.52
2,Qaanaaq,GL,2020-11-01 22:30:18,77.48,-69.36,2.66,74,0,7.16
3,Anadyr,RU,2020-11-01 22:30:19,64.75,177.48,15.8,85,75,4.88
4,Henties Bay,NA,2020-11-01 22:30:19,-22.12,14.28,55.0,91,31,5.3
5,Berbera,SO,2020-11-01 22:30:20,10.44,45.01,79.07,65,0,6.11
6,Adrar,MR,2020-11-01 22:30:20,20.5,-10.07,79.9,17,100,9.46
7,Hithadhoo,MV,2020-11-01 22:30:20,-0.6,73.08,83.34,74,100,9.42
8,San Jose,US,2020-11-01 22:27:07,37.34,-121.89,84.0,27,75,5.82
9,Sitka,US,2020-11-01 22:29:10,57.05,-135.33,46.4,87,90,5.82
10,Barrow,US,2020-11-01 22:30:21,71.29,-156.79,28.4,86,75,24.16
11,Nikolskoye,RU,2020-11-01 22:26:34,59.7,30.79,33.8,100,90,8.95
12,Alta Floresta,BR,2020-11-01 22:30:22,-9.88,-56.09,70.72,98,100,2.77
13,Iqaluit,CA,2020-11-01 22:30:13,63.75,-68.51,12.2,85,75,4.7
14,Issaquah,US,2020-11-01 22:25:27,47.53,-122.03,61.0,51,1,4.7
15,Vaini,TO,2020-11-01 22:30:23,-21.2,-175.2,78.8,78,75,12.75
16,Devonport,AU,2020-11-01 22:28:12,-41.17,146.35,60.01,81,100,1.01
17,Dhidhdhoo,MV,2020-11-01 22:30:24,6.88,73.1,82.29,67,24,4.18
18,Morant Bay,JM,2020-11-01 22:30:24,17.88,-76.41,79.0,94,75,24.16
19,Wilkie,CA,2020-11-01 22:30:24,52.42,-108.7,57.2,56,90,10.29
20,Marietta,US,2020-11-01 22:25:49,33.95,-84.55,66.99,45,1,14.99
21,New Norfolk,AU,2020-11-01 22:30:25,-42.78,147.06,64.99,65,100,1.01
22,Hermanus,ZA,2020-11-01 22:27:22,-34.42,19.23,64.99,82,6,10.0
23,Portland,US,2020-11-01 22:25:46,45.52,-122.68,66.99,39,1,10.29
24,Atuona,PF,2020-11-01 22:30:26,-9.8,-139.03,77.47,79,68,15.12
25,Los Llanos De Aridane,ES,2020-11-01 22:30:26,28.66,-17.92,77.0,33,0,11.41
26,Daru,PG,2020-11-01 22:30:27,-9.08,143.21,84.61,74,92,13.58
27,Sokoni,TZ,2020-11-01 22:30:28,-6.43,39.55,78.39,78,0,7.96
28,Jamestown,US,2020-11-01 22:30:28,42.1,-79.24,35.01,98,90,19.46
29,Mataura,NZ,2020-11-01 22:30:29,-46.19,168.86,53.01,72,50,13.0
30,Leningradskiy,RU,2020-11-01 22:27:59,69.38,178.42,14.81,82,85,5.59
31,Rikitea,PF,2020-11-01 22:26:41,-23.12,-134.97,74.8,85,83,22.32
32,Saint-Pierre,RE,2020-11-01 22:28:28,-21.34,55.48,69.8,60,90,5.82
33,Labuhan,ID,2020-11-01 22:30:29,-6.88,112.21,78.37,82,82,5.79
34,Inhambane,MZ,2020-11-01 22:30:30,-23.86,35.38,71.04,78,17,7.43
35,Cidreira,BR,2020-11-01 22:26:42,-30.18,-50.21,63.01,65,16,7.2
36,East London,ZA,2020-11-01 22:30:30,-33.02,27.91,65.43,83,73,14.47
37,Port Alfred,ZA,2020-11-01 22:30:30,-33.59,26.89,64.87,86,26,18.48
38,Nemuro,JP,2020-11-01 22:26:01,43.32,145.57,55.74,87,100,17.13
39,Busselton,AU,2020-11-01 22:30:31,-33.65,115.33,57.99,77,84,5.48
40,Bereznik,RU,2020-11-01 22:30:31,62.86,42.71,27.37,97,1,3.83
41,Lagunas,PE,2020-11-01 22:30:31,-5.23,-75.68,81.3,62,78,2.24
42,Papayal,PE,2020-11-01 22:30:32,-4.08,-80.74,75.65,51,90,5.5
43,Hamilton,US,2020-11-01 22:26:35,39.18,-84.53,41.0,51,1,3.0
44,Nanortalik,GL,2020-11-01 22:30:32,60.14,-45.24,32.2,84,0,39.17
45,Phirangipuram,IN,2020-11-01 22:30:33,16.3,80.27,71.24,82,51,4.03
46,Upernavik,GL,2020-11-01 22:30:34,72.79,-56.15,16.47,92,97,3.74
47,Bethel,US,2020-11-01 22:30:34,41.37,-73.41,52.0,93,90,4.7
48,Ribeira Grande,PT,2020-11-01 22:30:35,38.52,-28.7,64.4,68,75,6.93
49,Moose Factory,CA,2020-11-01 22:30:36,51.26,-80.61,28.4,86,90,20.8
50,Vestmannaeyjar,IS,2020-11-01 22:27:28,63.44,-20.27,38.98,73,0,19.33
51,Vila Franca Do Campo,PT,2020-11-01 22:27:53,37.72,-25.43,62.6,82,75,23.04
52,Mbumi,TZ,2020-11-01 22:30:36,-7.91,39.21,72.79,90,49,2.06
53,San Patricio,US,2020-11-01 22:30:37,28.02,-97.52,80.6,39,20,14.99
54,Tiksi,RU,2020-11-01 22:30:37,71.69,128.87,-6.12,90,0,6.69
55,Albany,US,2020-11-01 22:30:03,42.6,-73.97,46.99,86,98,11.21
56,Minab,IR,2020-11-01 22:30:38,27.15,57.08,68.0,72,0,6.93
57,Ayan,RU,2020-11-01 22:30:38,56.45,138.17,26.22,98,100,21.56
58,Lorengau,PG,2020-11-01 22:30:39,-2.02,147.27,85.93,66,11,5.44
59,Carnarvon,AU,2020-11-01 22:30:39,-24.87,113.63,68.0,72,40,16.11
60,Cururupu,BR,2020-11-01 22:30:40,-1.83,-44.87,76.62,85,21,3.78
61,Gallup,US,2020-11-01 22:30:41,35.53,-108.74,71.6,17,1,9.17
62,Severobaykalsk,RU,2020-11-01 22:30:41,55.65,109.32,13.12,76,0,4.23
63,Bukachacha,RU,2020-11-01 22:30:41,52.98,116.92,10.31,88,69,4.05
64,Harper,LR,2020-11-01 22:30:41,4.38,-7.72,77.52,89,30,6.11
65,Hilo,US,2020-11-01 22:30:42,19.73,-155.09,86.0,58,40,6.93
66,San Carlos De Bariloche,AR,2020-11-01 22:27:47,-41.15,-71.31,77.0,20,20,16.11
67,Marand,IR,2020-11-01 22:30:42,38.43,45.77,51.8,29,0,6.93
68,Sao Miguel Do Tapuio,BR,2020-11-01 22:30:43,-5.5,-41.32,83.55,55,83,2.98
69,Gastonia,US,2020-11-01 22:26:13,35.26,-81.19,66.2,63,1,3.36
70,Kapaa,US,2020-11-01 22:30:43,22.08,-159.32,82.4,74,20,13.87
71,Vardo,NO,2020-11-01 22:30:44,70.37,31.11,41.0,93,75,13.87
72,Bredasdorp,ZA,2020-11-01 22:30:44,-34.53,20.04,64.4,88,49,10.29
73,Pevek,RU,2020-11-01 22:29:25,69.7,170.31,15.39,92,97,12.77
74,Sola,VU,2020-11-01 22:26:56,-13.88,167.55,84.2,83,75,5.82
75,Grindavik,IS,2020-11-01 22:27:46,63.84,-22.43,35.6,73,90,5.82
76,Emporia,US,2020-11-01 22:30:45,38.4,-96.18,55.4,20,1,6.93
77,Lompoc,US,2020-11-01 22:30:46,34.64,-120.46,79.0,44,1,10.29
78,Port Elizabeth,ZA,2020-11-01 22:30:46,-33.92,25.57,64.4,88,0,10.29
79,Mar Del Plata,AR,2020-11-01 22:30:46,-38.0,-57.56,61.0,67,0,8.05
80,Farsund,NO,2020-11-01 22:30:46,58.09,6.8,50.0,80,100,18.7
81,Salinas,US,2020-11-01 22:30:47,36.68,-121.66,91.4,9,1,3.36
82,Klaksvik,FO,2020-11-01 22:30:47,62.23,-6.59,42.8,93,84,8.05
83,Weligama,LK,2020-11-01 22:30:47,5.97,80.42,76.95,84,51,5.55
84,Bubaque,GW,2020-11-01 22:30:47,11.28,-15.83,83.44,78,0,15.3
85,Asau,RO,2020-11-01 22:30:48,46.43,26.4,37.99,95,0,5.99
86,Chunskiy,RU,2020-11-01 22:30:48,56.08,99.63,23.23,85,100,3.67
87,Tasiilaq,GL,2020-11-01 22:30:48,65.61,-37.64,26.6,86,77,9.17
88,Petrolina,BR,2020-11-01 22:30:14,-9.4,-40.5,91.4,43,20,8.05
89,Narsaq,GL,2020-11-01 22:30:49,60.92,-46.05,21.2,73,0,4.7
90,Chuy,UY,2020-11-01 22:28:20,-33.7,-53.46,55.72,75,0,6.11
91,Abu Zabad,SD,2020-11-01 22:30:49,12.35,29.25,83.88,27,82,8.46
92,Ust-Omchug,RU,2020-11-01 22:30:49,61.15,149.63,22.59,95,100,3.47
93,Sao Filipe,CV,2020-11-01 22:26:00,14.9,-24.5,79.29,76,64,7.99
94,Ponta Do Sol,PT,2020-11-01 22:30:50,32.67,-17.1,69.01,72,20,4.7
95,Yellowknife,CA,2020-11-01 22:30:50,62.46,-114.35,16.0,85,90,14.99
96,Ushuaia,AR,2020-11-01 22:26:21,-54.8,-68.3,59.0,54,75,18.34
97,Seoul,KR,2020-11-01 22:30:09,37.57,126.98,42.8,100,1,2.84
98,Poltsamaa,EE,2020-11-01 22:30:51,58.65,25.97,41.0,87,2,1.99
99,Tortoli,IT,2020-11-01 22:30:51,39.93,9.66,64.4,88,75,5.82
100,Igarka,RU,2020-11-01 22:30:51,67.47,86.58,18.82,97,100,9.6
101,Richland,US,2020-11-01 22:30:52,40.78,-82.55,34.0,59,75,16.11
102,Mulege,MX,2020-11-01 22:30:52,26.88,-111.98,83.5,33,4,8.34
103,Lebu,CL,2020-11-01 22:29:02,-37.62,-73.65,56.73,83,8,6.44
104,Port Blair,IN,2020-11-01 22:30:52,11.67,92.75,79.63,79,49,3.65
105,Bayangol,RU,2020-11-01 22:30:53,50.7,103.47,13.01,87,0,1.95
106,Cabo San Lucas,MX,2020-11-01 22:30:53,22.89,-109.91,88.0,82,30,1.01
107,Tuatapere,NZ,2020-11-01 22:27:56,-46.13,167.68,53.01,73,34,11.99
108,Evensk,RU,2020-11-01 22:30:53,61.95,159.23,21.97,92,94,5.82
109,Saint-Philippe,RE,2020-11-01 22:27:36,-21.36,55.77,69.8,60,90,5.82
110,Oranjemund,NA,2020-11-01 22:30:54,-28.55,16.43,62.6,65,0,6.15
111,Provideniya,RU,2020-11-01 22:30:54,64.38,-173.3,21.2,67,0,4.47
112,Mezen,RU,2020-11-01 22:30:54,65.85,44.24,30.31,98,90,8.7
113,Eyl,SO,2020-11-01 22:30:08,7.98,49.82,78.75,68,0,13.78
114,Georgetown,MY,2020-11-01 22:26:52,5.41,100.34,78.8,88,20,3.36
115,Tuktoyaktuk,CA,2020-11-01 22:30:55,69.45,-133.04,12.2,92,90,17.22
116,Hobart,AU,2020-11-01 22:29:59,-42.88,147.33,64.99,72,75,10.29
117,Umtata,ZA,2020-11-01 22:30:55,-31.59,28.78,55.4,100,99,4.7
118,Canhandugan,PH,2020-11-01 22:30:55,11.13,124.78,75.9,90,100,2.62
119,Gilgit,PK,2020-11-01 22:30:56,35.92,74.31,50.85,37,0,3.36
120,Torrington,US,2020-11-01 22:30:56,41.8,-73.12,50.0,98,100,7.61
121,Yumen,CN,2020-11-01 22:30:57,40.28,97.2,26.8,89,0,1.68
122,Vostok,RU,2020-11-01 22:30:57,46.49,135.88,29.16,99,71,3.47
123,Karangasem,ID,2020-11-01 22:30:57,-8.45,115.62,79.21,79,76,3.8
124,Goderich,CA,2020-11-01 22:30:58,43.75,-81.72,37.4,78,100,27.51
125,Kashiba,JP,2020-11-01 22:30:58,34.54,135.7,62.01,82,75,4.7
126,Manta,EC,2020-11-01 22:30:58,-0.95,-80.73,80.6,74,40,11.41
127,Toda Raisingh,IN,2020-11-01 22:30:59,26.03,75.48,60.24,28,0,0.85
128,Khalkhal,IR,2020-11-01 22:30:59,37.62,48.53,48.47,46,0,4.7
129,Saldanha,ZA,2020-11-01 22:27:07,-33.01,17.94,66.2,59,0,4.7
130,Grand Gaube,MU,2020-11-01 22:30:59,-20.01,57.66,66.99,68,26,1.99
131,Kushiro,JP,2020-11-01 22:31:00,42.98,144.37,55.4,93,40,12.75
132,Tessalit,ML,2020-11-01 22:31:00,20.2,1.01,75.52,21,43,12.5
133,Puerto Ayora,EC,2020-11-01 22:31:01,-0.74,-90.35,77.0,73,40,20.8
134,Esperance,AU,2020-11-01 22:31:01,-33.87,121.9,64.4,100,40,13.87
135,Ambanja,MG,2020-11-01 22:31:02,-13.68,48.45,72.34,87,84,1.03
136,Castro,BR,2020-11-01 22:27:14,-24.79,-50.01,54.9,88,20,8.21
137,Souillac,MU,2020-11-01 22:26:49,-20.52,57.52,69.8,68,40,9.17
138,Khatanga,RU,2020-11-01 22:31:03,71.97,102.5,5.32,95,99,6.17
139,Isangel,VU,2020-11-01 22:31:03,-19.55,169.27,80.6,78,75,9.17
140,Avarua,CK,2020-11-01 22:31:04,-21.21,-159.78,78.8,83,73,13.87
141,Batagay-Alyta,RU,2020-11-01 22:31:04,67.8,130.41,-11.42,84,39,1.66
142,Jardim,BR,2020-11-01 22:31:04,-21.48,-56.14,72.48,68,15,4.68
143,Miles City,US,2020-11-01 22:31:04,46.41,-105.84,60.8,23,1,9.17
144,Damietta,EG,2020-11-01 22:26:21,31.42,31.81,73.4,69,20,9.17
145,Chokurdakh,RU,2020-11-01 22:31:05,70.63,147.92,0.21,94,100,10.96
146,Livingston,GB,2020-11-01 22:27:30,55.9,-3.52,46.4,87,90,8.05
147,Ostrovnoy,RU,2020-11-01 22:31:05,68.05,39.51,38.37,91,100,22.17
148,Chengde,CN,2020-11-01 22:31:05,40.97,117.94,34.92,70,0,8.57
149,Paamiut,GL,2020-11-01 22:31:06,61.99,-49.67,25.68,95,87,6.93
150,Cape Town,ZA,2020-11-01 22:29:28,-33.93,18.42,66.99,72,0,8.05
151,Joshimath,IN,2020-11-01 22:29:48,30.57,79.57,48.27,47,0,4.47
152,Taloda,IN,2020-11-01 22:31:06,21.57,74.22,73.94,41,49,3.29
153,Loukhi,RU,2020-11-01 22:31:06,66.08,33.04,36.19,93,100,11.03
154,Kuytun,RU,2020-11-01 22:31:07,54.34,101.5,16.97,91,59,8.3
155,Sainte-Rose,GP,2020-11-01 22:31:07,16.33,-61.7,78.8,88,79,10.29
156,Kodiak,US,2020-11-01 22:31:07,57.79,-152.41,32.0,85,90,10.29
157,Clyde River,CA,2020-11-01 22:31:07,70.47,-68.59,12.2,85,40,8.05
158,Viedma,AR,2020-11-01 22:31:07,-40.81,-63.0,79.0,28,0,17.2
159,Biak,ID,2020-11-01 22:31:07,-0.91,122.88,79.83,74,100,6.04
160,Longyearbyen,SJ,2020-11-01 22:31:08,78.22,15.64,33.8,69,0,31.09
161,Bluff,NZ,2020-11-01 22:31:08,-46.6,168.33,53.01,72,93,13.0
162,Thompson,CA,2020-11-01 22:31:08,55.74,-97.86,24.8,85,75,9.17
163,Den Helder,NL,2020-11-01 22:31:08,52.96,4.76,64.99,88,90,35.57
164,Bourail,NC,2020-11-01 22:31:09,-21.57,165.48,83.57,53,48,6.11
165,Maumere,ID,2020-11-01 22:31:09,-8.62,122.21,81.73,73,100,4.23
166,La Ronge,CA,2020-11-01 22:31:09,55.1,-105.28,42.8,93,94,4.7
167,Kaitangata,NZ,2020-11-01 22:31:09,-46.28,169.85,53.01,61,51,5.99
168,Taoudenni,ML,2020-11-01 22:31:09,22.68,-3.98,79.83,17,93,16.49
169,Victoria,HK,2020-11-01 22:27:00,22.29,114.16,75.0,70,90,7.49
170,Nome,US,2020-11-01 22:31:10,64.5,-165.41,19.99,73,1,4.16
171,Butaritari,KI,2020-11-01 22:31:10,3.07,172.79,81.97,76,23,10.76
172,Zhangye,CN,2020-11-01 22:31:10,38.93,100.45,33.94,75,0,2.21
173,Yarim,YE,2020-11-01 22:31:10,14.3,44.38,48.15,44,0,7.65
174,Miramar,US,2020-11-01 22:31:11,25.99,-80.23,82.99,83,1,10.29
175,Severo-Kurilsk,RU,2020-11-01 22:31:11,50.68,156.12,42.73,71,1,8.97
176,Mogadishu,SO,2020-11-01 22:31:11,2.04,45.34,79.14,81,84,9.06
177,San Pedro De Macoris,DO,2020-11-01 22:30:41,18.46,-69.3,84.0,78,40,6.93
178,Bambous Virieux,MU,2020-11-01 22:31:12,-20.34,57.76,69.8,68,40,9.17
179,Padang,ID,2020-11-01 22:31:12,-0.95,100.35,77.63,72,99,2.8
180,Cabimas,VE,2020-11-01 22:31:12,10.39,-71.44,83.66,68,98,2.64
181,Kutum,SD,2020-11-01 22:31:12,14.2,24.67,73.35,30,44,18.07
182,Clonakilty,IE,2020-11-01 22:31:12,51.62,-8.87,57.99,100,75,26.4
183,Shingu,JP,2020-11-01 22:31:13,33.73,135.98,62.91,78,19,4.0
184,Dingle,PH,2020-11-01 22:31:13,11.0,122.67,78.44,88,97,7.16
185,Puerto Carreno,CO,2020-11-01 22:26:22,6.19,-67.49,75.72,90,100,8.61
186,Dikson,RU,2020-11-01 22:28:14,73.51,80.55,17.24,98,96,8.14
187,Edd,ER,2020-11-01 22:31:13,13.93,41.69,82.65,45,0,18.81
188,Hasaki,JP,2020-11-01 22:27:36,35.73,140.83,55.4,93,75,1.12
189,Westport,US,2020-11-01 22:30:54,41.14,-73.36,54.0,97,100,4.43
190,Katsuura,JP,2020-11-01 22:31:14,35.13,140.3,60.8,77,75,5.82
191,Soavinandriana,MG,2020-11-01 22:31:14,-19.17,46.73,59.88,78,19,1.7
192,Lamu,KE,2020-11-01 22:31:15,-2.27,40.9,78.8,83,20,4.7
193,Vila Velha,BR,2020-11-01 22:31:15,-20.33,-40.29,73.4,69,75,16.11
194,Piste,MX,2020-11-01 22:31:15,20.7,-88.58,75.31,82,97,6.26
195,Tarrafal,CV,2020-11-01 22:31:16,15.28,-23.77,78.8,65,20,12.75
196,Cherskiy,RU,2020-11-01 22:31:16,68.75,161.3,2.17,93,99,4.9
197,Saskylakh,RU,2020-11-01 22:31:16,71.92,114.08,-10.08,88,75,10.36
198,Kano,NG,2020-11-01 22:31:16,12.0,8.52,78.6,24,97,8.66
199,Yelizovo,RU,2020-11-01 22:31:17,53.19,158.38,32.0,68,2,6.71
200,Guerrero Negro,MX,2020-11-01 22:31:17,27.98,-114.06,78.46,40,12,12.33
201,Broome,US,2020-11-01 22:31:17,42.25,-75.83,42.01,93,90,6.93
202,Marystown,CA,2020-11-01 22:31:17,47.17,-55.15,42.01,100,48,5.01
203,Drovyanaya,RU,2020-11-01 22:31:18,51.58,113.03,12.2,66,13,2.24
204,Tahe,CN,2020-11-01 22:31:18,52.33,124.73,9.99,93,100,12.03
205,Camacha,PT,2020-11-01 22:28:36,33.08,-16.33,66.2,88,20,1.12
206,Sangar,RU,2020-11-01 22:31:18,63.92,127.47,-7.91,90,99,5.41
207,Ajdabiya,LY,2020-11-01 22:27:47,30.76,20.23,67.12,67,0,9.82
208,Plouzane,FR,2020-11-01 22:31:19,48.38,-4.62,60.8,100,90,28.86
209,Belyy Yar,RU,2020-11-01 22:31:19,53.6,91.39,21.2,100,53,2.24
210,Sayyan,YE,2020-11-01 22:31:19,15.17,44.32,47.75,45,0,5.61
211,Olafsvik,IS,2020-11-01 22:26:29,64.89,-23.71,36.5,80,56,13.51
212,Faya,SA,2020-11-01 22:31:20,18.39,42.45,60.8,30,0,1.81
213,Gondanglegi,ID,2020-11-01 22:31:20,-7.75,112.01,76.37,85,100,5.79
214,Muravlenko,RU,2020-11-01 22:31:20,63.79,74.52,23.9,97,91,18.57
215,Walvis Bay,NA,2020-11-01 22:31:08,-22.96,14.51,55.4,87,5,9.17
216,Gat,IL,2020-11-01 22:29:02,31.61,34.76,73.99,92,100,2.35
217,Mackay,AU,2020-11-01 22:31:18,-21.15,149.2,80.6,74,40,5.82
218,Arraial Do Cabo,BR,2020-11-01 22:31:21,-22.97,-42.03,71.6,64,75,14.99
219,Chifeng,CN,2020-11-01 22:31:21,42.27,118.96,28.35,78,23,11.61
220,Krasnyy Oktyabr,RU,2020-11-01 22:31:21,56.12,38.88,39.74,92,100,7.18
221,Kagadi,UG,2020-11-01 22:31:22,0.96,30.8,62.01,98,92,2.82
222,Pisco,PE,2020-11-01 22:31:22,-13.7,-76.22,64.4,82,90,13.87
223,Bambanglipuro,ID,2020-11-01 22:31:22,-7.95,110.28,76.87,84,65,4.92
224,Agadir,MA,2020-11-01 22:31:23,30.42,-9.6,60.8,82,0,5.82
225,Bandarbeyla,SO,2020-11-01 22:31:23,9.49,50.81,76.48,76,0,18.48
226,Sampit,ID,2020-11-01 22:31:23,-2.53,112.95,75.87,94,90,0.63
227,Banda Aceh,ID,2020-11-01 22:31:23,5.56,95.32,78.84,80,99,7.65
228,Verkhnyaya Inta,RU,2020-11-01 22:31:23,65.98,60.31,26.26,97,100,14.79
229,Tadine,NC,2020-11-01 22:31:23,-21.55,167.88,78.71,71,20,14.18
230,Kavaratti,IN,2020-11-01 22:31:24,10.57,72.64,80.92,72,0,2.95
231,Kristiinankaupunki,FI,2020-11-01 22:31:24,62.27,21.38,48.11,79,100,24.72
232,Hofn,IS,2020-11-01 22:27:58,64.25,-15.21,38.57,70,0,15.82
233,Hovd,MN,2020-11-01 22:26:33,48.01,91.64,25.23,88,2,1.54
234,Torbay,CA,2020-11-01 22:31:24,47.67,-52.73,37.99,80,20,10.29
235,Teguldet,RU,2020-11-01 22:31:25,57.31,88.17,33.73,95,100,12.21
236,Port Hedland,AU,2020-11-01 22:31:25,-20.32,118.57,75.2,78,75,8.05
237,Caravelas,BR,2020-11-01 22:31:25,-17.71,-39.25,70.68,84,100,9.4
238,Conde,BR,2020-11-01 22:31:25,-7.26,-34.91,78.8,83,20,10.29
239,Hobyo,SO,2020-11-01 22:31:25,5.35,48.53,80.13,76,0,2.73
240,Half Moon Bay,US,2020-11-01 22:27:27,37.46,-122.43,78.01,60,5,5.82
241,Hit,IQ,2020-11-01 22:31:26,33.64,42.83,71.33,25,65,10.54
242,Marrakesh,MA,2020-11-01 22:29:41,31.63,-8.01,69.8,37,0,3.36
243,Fairbanks,US,2020-11-01 22:31:09,64.84,-147.72,3.99,77,40,1.45
244,Severo-Yeniseyskiy,RU,2020-11-01 22:31:27,60.37,93.04,31.12,99,100,12.08
245,Urumqi,CN,2020-11-01 22:31:27,43.8,87.6,35.6,59,0,6.71
246,Santo Angelo,BR,2020-11-01 22:31:28,-28.3,-54.26,75.99,42,1,11.79
247,Mahebourg,MU,2020-11-01 22:31:28,-20.41,57.7,69.8,68,40,9.17
248,Pottsville,US,2020-11-01 22:31:29,40.69,-76.2,45.0,93,100,1.01
249,Maragogi,BR,2020-11-01 22:31:29,-9.01,-35.22,77.14,84,88,10.22
250,Watsa,CD,2020-11-01 22:31:30,3.04,29.54,65.46,100,100,1.77
251,Ziniare,BF,2020-11-01 22:31:30,12.58,-1.3,80.71,19,0,7.4
252,Galle,LK,2020-11-01 22:31:30,6.04,80.22,78.42,80,46,5.88
253,Airai,TL,2020-11-01 22:31:31,-8.93,125.41,69.6,59,87,2.84
254,Galveston,US,2020-11-01 22:27:47,29.37,-94.97,75.99,47,1,12.75
255,Ust-Nera,RU,2020-11-01 22:31:32,64.57,143.2,-15.38,79,45,4.76
256,Cockburn Town,TC,2020-11-01 22:31:32,21.46,-71.14,82.4,69,40,11.41
257,Dubai,AE,2020-11-01 22:30:28,25.26,55.3,77.0,73,0,2.24
258,Salalah,OM,2020-11-01 22:31:33,17.02,54.09,75.2,53,0,4.7
259,Meulaboh,ID,2020-11-01 22:31:33,4.14,96.13,75.92,88,100,1.66
260,Andenes,NO,2020-11-01 22:31:34,69.31,16.12,46.4,81,100,14.99
261,Orizona,BR,2020-11-01 22:31:34,-17.03,-48.3,68.81,87,78,5.79
262,Kasane,BW,2020-11-01 22:31:35,-17.82,25.15,70.34,37,9,4.74
263,Clarksville,US,2020-11-01 22:30:29,36.53,-87.36,55.4,30,1,17.22
264,Clarksburg,US,2020-11-01 22:31:35,39.28,-80.34,48.2,36,1,18.34
265,Namatanai,PG,2020-11-01 22:31:36,-3.67,152.43,85.32,69,85,4.32
266,Haines Junction,CA,2020-11-01 22:31:36,60.75,-137.51,14.0,56,100,2.24
267,Aksarka,RU,2020-11-01 22:31:36,66.56,67.8,24.22,95,11,12.41
268,Oltu,TR,2020-11-01 22:31:36,40.55,42.0,52.45,48,67,5.95
269,Mayo,US,2020-11-01 22:28:54,38.89,-76.51,57.99,85,75,6.93
270,Amga,RU,2020-11-01 22:27:00,60.9,131.96,-14.46,88,45,1.88
271,Wonosari,ID,2020-11-01 22:31:37,-7.97,110.6,75.56,84,72,1.21
272,Teguise,ES,2020-11-01 22:31:38,29.06,-13.56,69.8,77,20,8.05
273,Zavitinsk,RU,2020-11-01 22:31:38,50.12,129.45,23.11,97,100,8.59
274,Nsanje,MW,2020-11-01 22:31:39,-16.92,35.26,70.41,81,1,3.24
275,Tocopilla,CL,2020-11-01 22:31:39,-22.09,-70.2,63.23,59,19,6.64
276,Koraput,IN,2020-11-01 22:31:40,18.82,82.72,64.76,89,1,2.24
277,Bonavista,CA,2020-11-01 22:31:40,48.65,-53.11,37.99,74,16,8.05
278,Comodoro Rivadavia,AR,2020-11-01 22:31:38,-45.87,-67.5,77.0,44,0,2.24
279,Valparaiso,CL,2020-11-01 22:31:41,-33.04,-71.63,57.99,71,0,5.82
280,Luderitz,NA,2020-11-01 22:31:42,-26.65,15.16,64.81,54,88,12.97
281,Manhattan,US,2020-11-01 22:31:42,40.78,-73.97,55.4,93,90,4.7
282,Taitung,TW,2020-11-01 22:31:42,22.76,121.14,73.4,73,75,8.05
283,Kruisfontein,ZA,2020-11-01 22:31:42,-34.0,24.73,64.0,81,18,3.0
284,Great Yarmouth,GB,2020-11-01 22:31:43,52.61,1.73,64.99,98,100,8.01
285,Ust-Kulom,RU,2020-11-01 22:31:44,61.69,53.69,27.5,96,29,4.97
286,Catuday,PH,2020-11-01 22:31:44,16.29,119.81,79.29,79,86,22.77
287,Sept-Iles,CA,2020-11-01 22:31:45,50.2,-66.38,37.4,69,100,5.82
288,Tysmenytsya,UA,2020-11-01 22:31:46,48.9,24.84,38.53,86,0,2.24
289,Singaraja,ID,2020-11-01 22:31:46,-8.11,115.09,81.34,68,90,2.48
290,Carutapera,BR,2020-11-01 22:31:46,-1.2,-46.02,78.82,80,99,6.2
291,Quatre Cocos,MU,2020-11-01 22:31:46,-20.21,57.76,69.8,68,40,9.17
292,Coihueco,CL,2020-11-01 22:31:47,-36.62,-71.83,69.8,52,0,9.17
293,Port-Gentil,GA,2020-11-01 22:27:43,-0.72,8.78,78.8,94,75,8.05
294,Bisira,PA,2020-11-01 22:31:47,8.52,-81.71,59.67,100,100,2.66
295,High Rock,BS,2020-11-01 22:31:48,26.62,-78.28,82.4,88,40,6.93
296,Diego De Almagro,CL,2020-11-01 22:31:48,-26.37,-70.05,64.26,29,0,5.79
297,Athabasca,CA,2020-11-01 22:30:07,54.72,-113.29,57.2,54,23,6.93
298,Sabang,ID,2020-11-01 22:31:49,5.89,95.32,81.66,78,100,10.56
299,Saint-Jean-Port-Joli,CA,2020-11-01 22:31:49,47.22,-70.27,46.4,61,97,2.24
300,Saint George,US,2020-11-01 22:31:49,37.1,-113.58,81.0,10,1,3.71
301,Zonguldak,TR,2020-11-01 22:31:49,41.25,31.83,42.21,84,2,4.97
302,Obihiro,JP,2020-11-01 22:31:50,42.92,143.2,50.02,90,99,1.05
303,Balkanabat,TM,2020-11-01 22:31:50,39.51,54.37,68.67,28,0,4.18
304,Veraval,IN,2020-11-01 22:31:51,20.9,70.37,78.6,37,49,13.47
305,Ojinaga,MX,2020-11-01 22:31:51,29.57,-104.42,80.6,21,1,12.75
306,Rosario,AR,2020-11-01 22:28:00,-32.95,-60.64,77.0,31,0,6.93
307,Arona,ES,2020-11-01 22:31:51,28.1,-16.68,77.0,29,0,26.4
308,Male,MV,2020-11-01 22:31:52,4.17,73.51,82.4,83,20,5.82
309,Shangrao,CN,2020-11-01 22:31:53,28.45,117.97,60.39,89,99,1.07
310,Kernersville,US,2020-11-01 22:31:53,36.12,-80.07,64.4,72,20,8.05
311,Hay River,CA,2020-11-01 22:31:53,60.82,-115.8,21.2,79,100,19.46
312,Chicama,PE,2020-11-01 22:31:54,-7.84,-79.15,64.92,73,94,7.29
313,Santa Cruz,BO,2020-11-01 22:29:26,-17.8,-63.17,87.8,25,0,9.17
314,Stutterheim,ZA,2020-11-01 22:31:54,-32.57,27.42,53.24,94,60,4.72
315,Touros,BR,2020-11-01 22:31:54,-5.2,-35.46,80.6,78,40,12.75
316,Aklavik,CA,2020-11-01 22:31:55,68.22,-135.01,10.4,85,99,2.24
317,Sibolga,ID,2020-11-01 22:31:55,1.74,98.78,75.97,84,100,2.13
318,Ulladulla,AU,2020-11-01 22:31:55,-35.35,150.47,64.0,77,40,9.17
319,Vila,PT,2020-11-01 22:31:56,42.03,-8.16,61.0,94,100,8.01
320,Amarkantak,IN,2020-11-01 22:31:56,22.67,81.75,58.68,51,0,4.47
321,Bengkulu,ID,2020-11-01 22:31:57,-3.8,102.27,75.45,88,99,4.56
322,Thunder Bay,CA,2020-11-01 22:31:57,48.4,-89.32,28.4,39,20,14.99
323,Fort Nelson,CA,2020-11-01 22:31:57,58.81,-122.7,15.8,78,90,12.75
324,Catamarca,AR,2020-11-01 22:30:44,-28.47,-65.79,81.0,30,27,11.99
325,Namibe,AO,2020-11-01 22:31:58,-15.2,12.15,73.89,71,58,8.32
326,Cayenne,GF,2020-11-01 22:30:06,4.93,-52.33,80.6,94,97,2.24
327,Port Hardy,CA,2020-11-01 22:31:59,50.7,-127.42,55.4,66,75,6.93
328,Aasiaat,GL,2020-11-01 22:31:59,68.71,-52.87,17.65,97,99,5.19
329,Susanville,US,2020-11-01 22:30:39,40.42,-120.65,72.0,16,1,3.36
330,Pitimbu,BR,2020-11-01 22:32:00,-7.47,-34.81,78.8,83,20,10.29
331,Tilichiki,RU,2020-11-01 22:32:01,60.47,166.1,27.03,95,56,4.92
332,Tateyama,JP,2020-11-01 22:32:02,34.98,139.87,60.8,77,75,5.82
333,Yulara,AU,2020-11-01 22:30:59,-25.24,130.99,78.8,15,26,9.17
334,Nabire,ID,2020-11-01 22:32:02,-3.37,135.48,80.37,83,99,2.93
335,Ust-Kan,RU,2020-11-01 22:32:02,50.93,84.76,23.25,85,0,3.85
336,Shache,CN,2020-11-01 22:32:03,38.42,77.24,33.66,85,0,3.24
337,Pangnirtung,CA,2020-11-01 22:32:03,66.15,-65.71,17.6,72,90,4.7
338,Chimbote,PE,2020-11-01 22:32:03,-9.09,-78.58,62.44,81,100,7.92
339,Faanui,PF,2020-11-01 22:32:03,-16.48,-151.75,80.6,78,15,21.68
340,Fallon,US,2020-11-01 22:32:03,39.47,-118.78,69.8,14,40,5.82
341,San Cristobal,VE,2020-11-01 22:27:30,7.77,-72.22,82.4,74,40,6.93
342,Kavieng,PG,2020-11-01 22:32:04,-2.57,150.8,85.69,67,1,5.75
343,Quelimane,MZ,2020-11-01 22:32:04,-17.88,36.89,73.0,94,20,1.99
344,Shasta Lake,US,2020-11-01 22:32:04,40.68,-122.37,84.0,19,0,4.36
345,Raxaul,IN,2020-11-01 22:32:05,26.98,84.85,69.76,70,13,4.12
346,Aguas Belas,BR,2020-11-01 22:32:05,-9.11,-37.12,80.11,59,93,7.85
347,Avera,US,2020-11-01 22:27:40,33.19,-82.53,68.0,64,1,8.05
348,Kemijarvi,FI,2020-11-01 22:32:05,66.71,27.43,39.15,89,100,10.94
349,Aswan,EG,2020-11-01 22:32:06,24.09,32.91,70.92,51,9,7.85
350,King City,US,2020-11-01 22:32:06,36.21,-121.13,91.0,11,67,3.0
351,Sain Alto,MX,2020-11-01 22:32:06,23.58,-103.25,71.92,22,25,14.99
352,Manjacaze,MZ,2020-11-01 22:32:06,-24.71,33.88,65.8,89,90,2.04
353,Port Moresby,PG,2020-11-01 22:32:07,-9.44,147.18,81.3,79,67,1.72
354,Berea,US,2020-11-01 22:27:12,41.37,-81.85,37.4,55,90,23.04
355,Itarema,BR,2020-11-01 22:28:24,-2.92,-39.92,80.24,80,0,16.46
356,Codrington,AU,2020-11-01 22:32:07,-38.27,141.97,64.92,72,69,7.05
357,Bilibino,RU,2020-11-01 22:32:07,68.05,166.44,8.46,92,96,1.21
358,Mahibadhoo,MV,2020-11-01 22:32:08,3.78,72.97,81.88,73,73,5.77
359,Alofi,NU,2020-11-01 22:32:08,-19.06,-169.92,78.8,83,75,13.87
360,Mwinilunga,ZM,2020-11-01 22:32:08,-11.74,24.43,64.31,41,25,2.55
361,Necochea,AR,2020-11-01 22:32:08,-38.55,-58.74,64.99,57,32,5.01
362,General Cepeda,MX,2020-11-01 22:32:09,25.38,-101.45,68.0,49,5,11.41
363,Tiarei,PF,2020-11-01 22:29:45,-17.53,-149.33,82.4,69,75,10.29
364,Norman Wells,CA,2020-11-01 22:32:09,65.28,-126.83,6.8,71,20,12.75
365,Ahipara,NZ,2020-11-01 22:32:09,-35.17,173.17,71.08,66,95,7.29
366,Kaeo,NZ,2020-11-01 22:32:09,-35.1,173.78,73.0,77,100,8.99
367,Te Anau,NZ,2020-11-01 22:32:09,-45.42,167.72,55.08,52,100,1.32
368,San Quintin,MX,2020-11-01 22:32:10,30.48,-115.95,75.09,43,0,10.25
369,Egvekinot,RU,2020-11-01 22:32:10,66.32,-179.17,11.37,89,29,1.92
370,Grants,US,2020-11-01 22:32:10,35.15,-107.85,62.6,29,1,9.17
371,Hendek,TR,2020-11-01 22:32:10,40.8,30.75,37.4,100,0,3.62
372,Muisne,EC,2020-11-01 22:32:10,0.6,-80.03,75.43,86,59,10.11
373,Algiers,DZ,2020-11-01 22:30:24,36.75,3.04,51.8,93,20,3.36
374,Tezu,IN,2020-11-01 22:32:11,27.92,96.17,69.73,71,33,2.1
375,Beringovskiy,RU,2020-11-01 22:32:11,63.05,179.32,24.13,95,100,2.98
376,Naryan-Mar,RU,2020-11-01 22:32:11,67.67,53.09,28.81,98,99,13.02
377,Koprivnica,HR,2020-11-01 22:32:11,46.16,16.83,51.01,99,100,5.08
378,Xining,CN,2020-11-01 22:32:11,36.62,101.77,29.68,82,13,2.3
379,Ipatinga,BR,2020-11-01 22:28:27,-19.47,-42.54,69.28,84,93,1.66
380,Hualmay,PE,2020-11-01 22:32:12,-11.1,-77.61,63.97,78,82,8.43
381,High Prairie,CA,2020-11-01 22:32:12,55.43,-116.49,59.0,47,32,17.22
382,Kamina,CD,2020-11-01 22:32:12,-8.74,24.99,64.51,87,12,4.07
383,Dzerzhinsk,RU,2020-11-01 22:32:12,56.24,43.46,39.2,86,90,6.71
384,Pacific Grove,US,2020-11-01 22:31:22,36.62,-121.92,66.2,59,1,5.82
385,Sorland,NO,2020-11-01 22:32:13,67.67,12.69,50.68,77,100,27.27
386,Abu Dhabi,AE,2020-11-01 22:32:13,24.47,54.37,77.0,78,0,3.36
387,Jampur,PK,2020-11-01 22:32:13,29.64,70.6,59.34,35,0,0.87
388,Yaan,NG,2020-11-01 22:32:14,7.38,8.57,76.03,84,100,4.92
389,Kargasok,RU,2020-11-01 22:32:05,59.06,80.86,29.52,96,97,13.2
390,Jutai,BR,2020-11-01 22:32:14,-5.18,-68.9,76.06,86,98,2.55
391,Erenhot,CN,2020-11-01 22:32:14,43.65,111.98,22.23,75,0,10.13
392,Khani,GE,2020-11-01 22:32:14,41.96,42.96,59.0,100,75,5.82
393,Mildura,AU,2020-11-01 22:32:15,-34.2,142.15,77.0,52,4,8.63
394,Laureles,US,2020-11-01 22:32:15,26.11,-97.49,75.99,60,75,17.22
395,La Palma,US,2020-11-01 22:32:15,33.85,-118.05,88.0,23,1,8.5
396,Zyryanka,RU,2020-11-01 22:32:15,65.75,150.85,-1.93,92,100,0.13
397,Kahului,US,2020-11-01 22:32:16,20.89,-156.47,89.6,52,40,12.75
398,Lensk,RU,2020-11-01 22:32:16,60.73,114.93,-1.34,89,0,4.36
399,Moranbah,AU,2020-11-01 22:32:16,-22.0,148.05,82.92,47,0,16.73
400,Constitucion,CL,2020-11-01 22:28:16,-35.33,-72.42,56.12,81,62,8.39
401,Santa Fe,AR,2020-11-01 22:27:30,-31.63,-60.7,75.99,35,0,1.99
402,Dunedin,NZ,2020-11-01 22:32:16,-45.87,170.5,55.99,59,74,13.0
403,Lagoa,PT,2020-11-01 22:32:17,39.05,-27.98,63.28,72,95,16.55
404,Geraldton,AU,2020-11-01 22:32:17,-28.77,114.6,57.2,93,90,6.93
405,Abalak,RU,2020-11-01 22:32:17,58.13,68.59,26.71,98,81,5.95
406,Flinders,AU,2020-11-01 22:32:18,-34.58,150.86,66.99,73,75,5.99
407,Hearst,CA,2020-11-01 22:32:18,49.68,-83.67,23.0,73,100,11.41
408,Igunga,TZ,2020-11-01 22:32:18,-4.28,33.88,71.64,50,4,3.96
409,Ongandjera,NA,2020-11-01 22:32:18,-17.88,15.07,80.37,24,54,5.46
410,Belaya Gora,RU,2020-11-01 22:32:18,68.53,146.42,-7.87,90,89,7.65
411,Marmaris,TR,2020-11-01 22:30:11,36.85,28.27,69.8,59,0,11.41
412,Korla,CN,2020-11-01 22:32:19,41.76,86.15,36.0,56,23,11.99
413,Fuyang,CN,2020-11-01 22:32:19,32.9,115.82,55.54,39,34,4.25
414,Chapais,CA,2020-11-01 22:32:19,49.78,-74.85,32.0,100,90,8.05
415,Vao,NC,2020-11-01 22:32:19,-22.67,167.48,74.3,84,66,17.0
416,Srandakan,ID,2020-11-01 22:32:19,-7.94,110.25,76.87,84,64,5.26
417,Khorixas,NA,2020-11-01 22:32:20,-20.37,14.97,72.88,21,16,3.96
418,Gizo,SB,2020-11-01 22:32:20,-8.1,156.84,85.32,69,12,5.23
419,Manchester,GB,2020-11-01 22:29:12,53.48,-2.24,62.6,82,100,18.34
420,Hillsborough,US,2020-11-01 22:32:20,37.57,-122.38,78.01,60,75,7.9
421,Magadan,RU,2020-11-01 22:32:20,59.57,150.8,29.91,94,100,9.84
422,Lavrentiya,RU,2020-11-01 22:32:21,65.58,-171.0,22.73,87,9,4.21
423,Porosozero,RU,2020-11-01 22:32:21,62.72,32.73,29.53,99,11,5.84
424,Rafai,CF,2020-11-01 22:32:21,4.95,23.92,68.49,92,94,2.15
425,Kotido,UG,2020-11-01 22:32:21,2.98,34.13,73.47,51,36,14.12
426,Kokkola,FI,2020-11-01 22:32:22,63.84,23.13,46.99,81,75,17.22
427,Harnosand,SE,2020-11-01 22:32:22,62.63,17.94,48.2,93,100,19.46
428,Zhigansk,RU,2020-11-01 22:32:22,66.77,123.37,-0.63,92,88,18.9
429,Tarabha,IN,2020-11-01 22:32:22,20.73,83.65,70.72,83,4,1.14
430,Cancun,MX,2020-11-01 22:32:22,21.17,-86.85,78.8,78,90,13.87
431,Yar-Sale,RU,2020-11-01 22:32:23,66.83,70.83,28.71,98,97,13.78
432,Puerto Madryn,AR,2020-11-01 22:32:23,-42.77,-65.04,75.81,26,19,24.7
433,Husavik,IS,2020-11-01 22:29:08,66.04,-17.34,37.4,55,90,5.82
434,Tapes,BR,2020-11-01 22:32:23,-30.67,-51.4,60.69,72,43,8.21
435,Ancud,CL,2020-11-01 22:32:23,-41.87,-73.82,60.01,72,57,6.93
436,Aguimes,ES,2020-11-01 22:32:24,27.91,-15.45,73.99,60,0,23.04
437,Abidjan,CI,2020-11-01 22:28:42,5.31,-4.02,82.4,83,40,9.17
438,Arkhara,RU,2020-11-01 22:32:24,49.42,130.08,26.71,97,100,6.64
439,Asyut,EG,2020-11-01 22:32:24,27.18,31.18,71.6,68,0,11.41
440,Xichang,CN,2020-11-01 22:32:24,27.9,102.26,50.81,68,99,4.52
441,Valdivia,CL,2020-11-01 22:32:25,-39.81,-73.25,64.4,68,24,8.05
442,Vestmanna,FO,2020-11-01 22:32:25,62.16,-7.17,42.8,93,85,8.05
443,Porto Novo,BJ,2020-11-01 22:32:25,6.5,2.6,79.23,88,22,7.94
444,San Juan,AR,2020-11-01 22:32:25,-31.54,-68.54,78.26,20,0,10.18
445,Lazaro Cardenas,MX,2020-11-01 22:32:25,17.96,-102.2,84.42,70,1,8.16
446,Naze,JP,2020-11-01 22:32:26,28.37,129.48,73.4,94,40,11.41
447,Emba,KZ,2020-11-01 22:32:26,48.83,58.14,43.66,56,17,3.24
448,Smithers,CA,2020-11-01 22:32:26,54.78,-127.17,53.6,71,90,9.17
449,Mana,GF,2020-11-01 22:32:26,5.66,-53.78,81.36,79,91,10.16
450,Lahuachaca,BO,2020-11-01 22:32:26,-17.37,-67.67,51.42,57,55,13.4
451,Brigham City,US,2020-11-01 22:30:03,41.51,-112.02,64.4,17,1,2.44
452,Anahuac,MX,2020-11-01 22:32:27,27.23,-100.15,79.7,32,0,10.49
453,Pochutla,MX,2020-11-01 22:32:27,15.74,-96.47,87.01,67,0,1.01
454,Hambantota,LK,2020-11-01 22:32:27,6.12,81.12,77.0,100,40,1.12
455,Bucerias,MX,2020-11-01 22:32:27,20.75,-105.33,86.0,80,0,8.01
456,Mazarron,ES,2020-11-01 22:32:28,37.6,-1.31,61.0,100,0,2.24
457,Constantine,DZ,2020-11-01 22:32:28,36.37,6.61,53.6,81,0,4.7
458,Bay Roberts,CA,2020-11-01 22:31:05,47.6,-53.26,37.99,80,20,10.29
459,Buala,SB,2020-11-01 22:28:39,-8.14,159.59,85.1,72,90,6.22
460,Letlhakane,BW,2020-11-01 22:32:29,-21.42,25.58,71.35,55,69,16.78
461,Praxedis Guerrero,MX,2020-11-01 22:32:29,31.37,-106.02,71.6,26,20,10.29
462,Mahabad,IR,2020-11-01 22:32:29,36.76,45.72,52.41,40,0,6.53
463,Waipawa,NZ,2020-11-01 22:32:29,-41.41,175.52,57.2,87,100,12.75
464,Sandpoint,US,2020-11-01 22:28:53,48.28,-116.55,53.6,40,1,5.82
465,Wageningen,NL,2020-11-01 22:32:30,51.97,5.67,64.99,100,90,14.99
466,Hammerfest,NO,2020-11-01 22:32:30,70.66,23.68,41.0,85,0,16.11
467,Rudbar,AF,2020-11-01 22:32:30,30.15,62.6,48.69,49,0,1.36
468,Krasnyy Chikoy,RU,2020-11-01 22:32:30,50.36,108.75,7.27,90,78,3.78
469,Bud,US,2020-11-01 22:32:31,39.45,-86.18,39.2,48,75,11.41
470,Ust-Kuyga,RU,2020-11-01 22:32:31,70.02,135.6,-16.56,87,98,7.7
471,Fortuna Foothills,US,2020-11-01 22:32:31,32.66,-114.41,105.8,10,1,9.17
472,Birin,NP,2020-11-01 22:32:31,26.89,88.07,55.89,100,51,2.04
473,Mnogovershinnyy,RU,2020-11-01 22:32:32,53.94,139.92,34.29,98,100,0.31
474,Swidnik,PL,2020-11-01 22:32:32,51.22,22.7,33.8,100,75,5.82
475,Yebaishou,CN,2020-11-01 22:32:32,41.4,119.64,31.8,76,1,8.93
476,Naifaru,MV,2020-11-01 22:32:32,5.44,73.37,82.0,72,48,6.15
477,Katobu,ID,2020-11-01 22:32:33,-4.94,122.53,78.1,82,100,3.36
478,Poronaysk,RU,2020-11-01 22:32:33,49.22,143.12,49.35,92,100,17.34
479,Matagami,CA,2020-11-01 22:32:33,49.75,-77.63,32.0,96,90,14.99
480,Lahij,YE,2020-11-01 22:32:33,13.17,44.58,71.02,62,0,3.87
481,Lokosovo,RU,2020-11-01 22:32:34,61.13,74.82,29.66,97,96,11.61
482,Trairi,BR,2020-11-01 22:32:34,-3.28,-39.27,80.01,80,2,12.73
483,Panguna,PG,2020-11-01 22:32:34,-6.32,155.48,82.38,63,19,2.1
484,Karatau,KZ,2020-11-01 22:32:35,43.17,70.47,37.27,74,88,1.14
485,Petropavlovsk-Kamchatskiy,RU,2020-11-01 22:32:35,53.05,158.65,32.0,70,5,6.71
486,Fortuna,US,2020-11-01 22:32:35,40.6,-124.16,66.99,59,1,10.29
487,Dwarka,IN,2020-11-01 22:30:44,22.24,68.97,80.29,51,26,10.74
488,Ferrol,ES,2020-11-01 22:32:36,43.48,-8.24,66.99,82,20,6.93
489,Chiredzi,ZW,2020-11-01 22:32:36,-21.05,31.67,69.1,67,3,6.04
490,Ochamchira,GE,2020-11-01 22:32:37,42.71,41.47,60.12,86,100,14.79
491,Port Macquarie,AU,2020-11-01 22:32:37,-31.43,152.92,66.99,77,100,1.99
492,Obigarm,TJ,2020-11-01 22:32:37,38.72,69.71,46.36,35,100,4.41
493,Rawson,AR,2020-11-01 22:32:37,-43.3,-65.1,78.98,23,29,23.26
494,Saint-Louis,SN,2020-11-01 22:32:38,16.33,-15.0,86.0,35,0,2.24
495,Kieta,PG,2020-11-01 22:32:38,-6.22,155.63,86.13,59,20,3.04
496,Armidale,AU,2020-11-01 22:31:42,-30.52,151.65,54.0,78,41,3.0
497,Rio Grande,BR,2020-11-01 22:27:48,-32.03,-52.1,61.0,79,0,1.99
498,Mugur-Aksy,RU,2020-11-01 22:32:39,50.35,90.5,19.9,83,66,4.83
499,Charcas,MX,2020-11-01 22:32:39,23.13,-101.12,65.57,32,0,16.08
500,Saint Anthony,US,2020-11-01 22:32:39,45.02,-93.22,37.4,29,1,10.29
501,Nova Olinda Do Norte,BR,2020-11-01 22:32:40,-3.89,-59.09,77.9,87,73,3.74
502,Merritt,CA,2020-11-01 22:32:41,50.11,-120.79,50.0,57,1,2.24
503,Rocha,UY,2020-11-01 22:31:26,-34.48,-54.33,51.1,85,0,3.36
504,Namie,JP,2020-11-01 22:32:41,37.48,141.0,57.2,87,75,5.82
505,Dubki,RU,2020-11-01 22:32:41,43.02,46.84,59.0,87,75,4.47
506,Villazon,BO,2020-11-01 22:32:42,-22.09,-65.59,51.28,52,16,17.6
507,Bintulu,MY,2020-11-01 22:32:42,3.17,113.03,75.2,94,20,5.82
508,Banjar,ID,2020-11-01 22:32:43,-8.19,114.97,79.84,71,75,2.55
509,Sainte-Marie,RE,2020-11-01 22:32:43,-20.9,55.55,66.2,72,0,8.05
510,Parksville,CA,2020-11-01 22:28:00,49.32,-124.32,55.0,81,43,2.24
511,Prokopyevsk,RU,2020-11-01 22:32:10,53.91,86.72,27.14,97,37,8.23
512,Atbasar,KZ,2020-11-01 22:32:44,51.8,68.33,37.71,90,100,7.31
513,Yarmouth,US,2020-11-01 22:28:00,41.71,-70.23,55.99,93,90,3.36
514,Churapcha,RU,2020-11-01 22:32:45,62.0,132.43,-18.47,88,10,2.28
515,Richards Bay,ZA,2020-11-01 22:32:45,-28.78,32.04,63.54,95,100,4.61
516,Matara,LK,2020-11-01 22:32:45,5.95,80.54,76.64,85,55,5.75
517,Bloemhof,ZA,2020-11-01 22:32:46,-27.65,25.61,55.45,83,0,6.8
518,Kismayo,SO,2020-11-01 22:32:46,-0.36,42.55,79.57,77,61,12.15
519,Bulalacao,PH,2020-11-01 22:32:46,12.33,121.34,80.04,80,100,8.46
520,Chenghai,CN,2020-11-01 22:32:46,23.46,116.77,66.2,88,100,5.37
521,Brunico,IT,2020-11-01 22:32:47,46.8,11.94,46.99,63,79,1.32
522,Hornepayne,CA,2020-11-01 22:32:47,49.21,-84.77,21.6,90,100,15.59
523,Umea,SE,2020-11-01 22:32:47,63.83,20.26,46.4,93,90,25.28
524,Pedasi,PA,2020-11-01 22:32:48,7.53,-80.03,78.31,84,81,19.89
525,Ruteng,ID,2020-11-01 22:32:48,-8.61,120.47,66.96,99,95,1.68
526,Garowe,SO,2020-11-01 22:32:48,8.41,48.48,74.98,59,0,10.09
527,Carmo Do Paranaiba,BR,2020-11-01 22:32:49,-19.0,-46.32,64.04,90,18,6.96
528,Tura,IN,2020-11-01 22:32:49,25.52,90.22,68.56,96,100,1.88
529,Acapulco,MX,2020-11-01 22:32:49,16.86,-99.89,84.24,70,33,8.16
530,Aykhal,RU,2020-11-01 22:32:50,66.0,111.5,5.0,84,90,6.71
531,Indianola,US,2020-11-01 22:32:50,41.36,-93.56,45.0,26,20,16.11
532,Beloha,MG,2020-11-01 22:32:50,-25.17,45.05,66.58,81,8,16.84
533,Marck,FR,2020-11-01 22:32:50,50.95,1.94,64.0,94,100,5.99
534,Bagdarin,RU,2020-11-01 22:32:50,54.43,113.6,6.12,81,0,4.52
535,Campbell River,CA,2020-11-01 22:30:05,50.02,-125.24,51.8,66,75,5.82
536,Krasnoselkup,RU,2020-11-01 22:32:51,65.7,82.47,22.19,97,96,15.52
537,Saint-Augustin,CA,2020-11-01 22:32:51,51.23,-58.65,36.66,92,89,23.58
538,Kardamaina,GR,2020-11-01 22:32:52,36.78,27.14,64.4,48,20,18.34
539,Jalu,LY,2020-11-01 22:32:52,29.03,21.55,65.35,52,0,6.2
540,Akdepe,TM,2020-11-01 22:32:52,42.06,59.38,42.8,45,0,6.93
541,Lasa,IT,2020-11-01 22:32:52,46.62,10.7,50.0,71,75,5.82
542,Ishurdi,BD,2020-11-01 22:32:53,24.13,89.08,75.47,91,100,0.34
543,Medea,DZ,2020-11-01 22:32:53,36.26,2.75,51.8,93,20,3.36
544,Kunming,CN,2020-11-01 22:32:53,25.04,102.72,59.0,100,90,11.18
545,Lukovetskiy,RU,2020-11-01 22:32:54,64.3,41.92,32.0,96,90,4.47
546,Kimbe,PG,2020-11-01 22:30:49,-5.55,150.14,84.4,74,13,1.77
547,Kathmandu,NP,2020-11-01 22:32:55,27.72,85.32,57.2,93,20,3.36
548,Jinchang,CN,2020-11-01 22:32:55,38.5,102.17,35.71,69,4,1.3
549,Kashi,CN,2020-11-01 22:32:56,39.45,75.98,41.0,41,0,8.95
550,Laguna,US,2020-11-01 22:32:56,38.42,-121.42,82.0,22,1,4.7
551,Charlestown,AU,2020-11-01 22:32:56,-32.95,151.67,68.0,72,75,17.22
552,Whittlesea,ZA,2020-11-01 22:32:56,-32.18,26.82,53.56,85,65,3.42
553,Marzuq,YE,2020-11-01 22:29:14,14.4,46.47,61.32,31,0,1.59
554,Ilulissat,GL,2020-11-01 22:32:34,69.22,-51.1,17.6,72,100,2.24
555,Manosque,FR,2020-11-01 22:32:57,43.83,5.79,52.0,93,33,1.48
556,Cooma,AU,2020-11-01 22:32:58,-36.23,149.13,50.0,93,48,8.05
557,Nelson Bay,AU,2020-11-01 22:32:58,-32.72,152.15,69.01,72,75,17.22
558,Galabovo,BG,2020-11-01 22:32:58,42.14,25.87,46.0,86,5,4.7
559,Marawi,PH,2020-11-01 22:32:58,8.0,124.29,75.99,88,100,4.0
560,Vinh,VN,2020-11-01 22:32:59,18.67,105.67,71.67,92,81,4.21
561,Nouadhibou,MR,2020-11-01 22:32:59,20.93,-17.03,78.8,41,100,13.87
562,Struer,DK,2020-11-01 22:33:00,56.49,8.58,55.0,96,100,4.0
563,The Valley,AI,2020-11-01 22:33:00,18.22,-63.06,82.99,74,40,16.11
564,Makakilo City,US,2020-11-01 22:33:00,21.35,-158.09,84.2,62,90,8.05
565,Klenovyy,UA,2020-11-01 22:33:00,48.12,39.46,52.18,85,92,13.62
566,Tautira,PF,2020-11-01 22:33:01,-17.73,-149.15,82.4,69,75,10.29
